1,"{""rate"":""224319.5""}",20170527153601
2,"{""rate"":""224956.5""}",20170527153614
3,"{""rate"":""224998.5""}",20170527153626
4,"{""rate"":""225545.0""}",20170527153639
5,"{""rate"":""225243.5""}",20170527153651
6,"{""rate"":""225169.5""}",20170527153704
7,"{""rate"":""225537.5""}",20170527153716
8,"{""rate"":""226090.5""}",20170527153729
9,"{""rate"":""226114.0""}",20170527153741
10,"{""rate"":""226128.5""}",20170527153754
11,"{""rate"":""226130.0""}",20170527153807
12,"{""rate"":""225147.5""}",20170527153819
13,"{""rate"":""226023.0""}",20170527153832
14,"{""rate"":""225858.0""}",20170527153844
15,"{""rate"":""225855.0""}",20170527153857
16,"{""rate"":""225323.0""}",20170527153910
17,"{""rate"":""225881.5""}",20170527153922
18,"{""rate"":""225748.5""}",20170527153935
19,"{""rate"":""225698.5""}",20170527153947
20,"{""rate"":""225840.5""}",20170527154000
21,"{""rate"":""225079.0""}",20170527154013
22,"{""rate"":""225410.5""}",20170527154025
23,"{""rate"":""225072.0""}",20170527154038
24,"{""rate"":""225055.5""}",20170527154050
25,"{""rate"":""225041.5""}",20170527154103
26,"{""rate"":""225194.5""}",20170527154116
27,"{""rate"":""225284.0""}",20170527154128
28,"{""rate"":""224610.0""}",20170527154141
29,"{""rate"":""223790.5""}",20170527154153
30,"{""rate"":""224137.5""}",20170527154206
31,"{""rate"":""224145.5""}",20170527154219
32,"{""rate"":""223979.0""}",20170527154232
33,"{""rate"":""223464.5""}",20170527154244
34,"{""rate"":""223497.5""}",20170527154257
35,"{""rate"":""223481.0""}",20170527154309
36,"{""rate"":""223294.0""}",20170527154322
37,"{""rate"":""223452.5""}",20170527154335
38,"{""rate"":""223615.0""}",20170527154347
39,"{""rate"":""223317.0""}",20170527154400
40,"{""rate"":""223496.5""}",20170527154413
41,"{""rate"":""223608.0""}",20170527154425
42,"{""rate"":""223643.0""}",20170527154438
43,"{""rate"":""224204.5""}",20170527154450
44,"{""rate"":""223871.0""}",20170527154503
45,"{""rate"":""223602.5""}",20170527154515
46,"{""rate"":""224862.5""}",20170527154528
47,"{""rate"":""224897.0""}",20170527154541
48,"{""rate"":""224813.5""}",20170527154553
49,"{""rate"":""224770.5""}",20170527154606
50,"{""rate"":""224790.5""}",20170527154618
51,"{""rate"":""224724.5""}",20170527154631
52,"{""rate"":""224464.5""}",20170527154643
53,"{""rate"":""224357.0""}",20170527154656
54,"{""rate"":""224067.0""}",20170527154709
55,"{""rate"":""224108.5""}",20170527154721
56,"{""rate"":""224698.0""}",20170527154734
57,"{""rate"":""224872.0""}",20170527154746
58,"{""rate"":""224863.5""}",20170527154759
59,"{""rate"":""224566.0""}",20170527154811
60,"{""rate"":""224877.5""}",20170527154824
61,"{""rate"":""225632.5""}",20170527154836
62,"{""rate"":""225789.0""}",20170527154849
63,"{""rate"":""226054.5""}",20170527154902
64,"{""rate"":""225562.0""}",20170527154914
65,"{""rate"":""225997.5""}",20170527154927
66,"{""rate"":""226777.5""}",20170527154939
67,"{""rate"":""227424.0""}",20170527154952
68,"{""rate"":""228330.5""}",20170527155005
69,"{""rate"":""228466.0""}",20170527155017
70,"{""rate"":""229275.5""}",20170527155030
71,"{""rate"":""229685.0""}",20170527155042
72,"{""rate"":""229884.5""}",20170527155055
73,"{""rate"":""231088.5""}",20170527155107
74,"{""rate"":""231698.0""}",20170527155120
75,"{""rate"":""231700.5""}",20170527155132
76,"{""rate"":""234484.5""}",20170527155145
77,"{""rate"":""235389.5""}",20170527155157
78,"{""rate"":""236845.0""}",20170527155210
79,"{""rate"":""237867.5""}",20170527155223
80,"{""rate"":""238139.5""}",20170527155235
81,"{""rate"":""234839.0""}",20170527155248
82,"{""rate"":""237989.5""}",20170527155300
83,"{""rate"":""237161.5""}",20170527155313
84,"{""rate"":""234256.5""}",20170527155325
85,"{""rate"":""234991.5""}",20170527155338
86,"{""rate"":""239744.0""}",20170527155350
87,"{""rate"":""237996.5""}",20170527155403
88,"{""rate"":""237746.5""}",20170527155415
89,"{""rate"":""234569.5""}",20170527155428
90,"{""rate"":""237420.0""}",20170527155441
91,"{""rate"":""238346.0""}",20170527155453
92,"{""rate"":""238392.0""}",20170527155506
93,"{""rate"":""237022.0""}",20170527155518
94,"{""rate"":""238303.0""}",20170527155531
95,"{""rate"":""236744.0""}",20170527155543
96,"{""rate"":""237230.5""}",20170527155557
97,"{""rate"":""237200.5""}",20170527155610
98,"{""rate"":""238227.0""}",20170527155622
99,"{""rate"":""238706.5""}",20170527155635
100,"{""rate"":""242413.0""}",20170527155717
101,"{""rate"":""242762.0""}",20170527155730
102,"{""rate"":""243536.5""}",20170527155742
103,"{""rate"":""244020.5""}",20170527155755
104,"{""rate"":""245253.0""}",20170527155807
105,"{""rate"":""249949.0""}",20170527155820
106,"{""rate"":""247128.5""}",20170527155832
107,"{""rate"":""248166.5""}",20170527155845
108,"{""rate"":""246254.5""}",20170527155858
109,"{""rate"":""250797.5""}",20170527155910
110,"{""rate"":""253476.5""}",20170527155923
111,"{""rate"":""253667.0""}",20170527155935
112,"{""rate"":""253784.5""}",20170527155948
113,"{""rate"":""255468.0""}",20170527160001
114,"{""rate"":""257041.0""}",20170527160013
115,"{""rate"":""257939.5""}",20170527160026
116,"{""rate"":""257227.5""}",20170527160038
117,"{""rate"":""257323.0""}",20170527160051
118,"{""rate"":""253425.0""}",20170527160103
119,"{""rate"":""254930.0""}",20170527160116
120,"{""rate"":""252120.0""}",20170527160128
121,"{""rate"":""251329.0""}",20170527160141
122,"{""rate"":""253794.0""}",20170527160154
123,"{""rate"":""253438.5""}",20170527160206
124,"{""rate"":""253574.0""}",20170527160219
125,"{""rate"":""253369.5""}",20170527160231
126,"{""rate"":""252787.0""}",20170527160244
127,"{""rate"":""251795.5""}",20170527160256
128,"{""rate"":""252523.0""}",20170527160309
129,"{""rate"":""251281.0""}",20170527160322
130,"{""rate"":""249242.0""}",20170527160334
131,"{""rate"":""248536.5""}",20170527160347
132,"{""rate"":""248729.0""}",20170527160359
133,"{""rate"":""248552.5""}",20170527160412
134,"{""rate"":""247102.0""}",20170527160424
135,"{""rate"":""245743.0""}",20170527160437
136,"{""rate"":""245384.0""}",20170527160450
137,"{""rate"":""243560.0""}",20170527160502
138,"{""rate"":""244697.5""}",20170527160515
139,"{""rate"":""246071.0""}",20170527160527
140,"{""rate"":""242910.5""}",20170527160540
141,"{""rate"":""244429.0""}",20170527160552
142,"{""rate"":""245122.0""}",20170527160605
143,"{""rate"":""244744.5""}",20170527160617
144,"{""rate"":""244504.5""}",20170527160630
145,"{""rate"":""244887.0""}",20170527160643
146,"{""rate"":""243409.0""}",20170527160655
147,"{""rate"":""243982.0""}",20170527160708
148,"{""rate"":""244198.5""}",20170527160720
149,"{""rate"":""244372.5""}",20170527160733
150,"{""rate"":""242792.5""}",20170527160745
151,"{""rate"":""242498.5""}",20170527160758
152,"{""rate"":""242333.5""}",20170527160811
153,"{""rate"":""236702.5""}",20170527160853
154,"{""rate"":""236949.5""}",20170527160906
155,"{""rate"":""236059.0""}",20170527160919
156,"{""rate"":""237164.0""}",20170527160931
157,"{""rate"":""236321.5""}",20170527160944
158,"{""rate"":""235502.0""}",20170527160956
159,"{""rate"":""236429.0""}",20170527161009
160,"{""rate"":""236146.0""}",20170527161051
161,"{""rate"":""236572.5""}",20170527161104
162,"{""rate"":""237127.5""}",20170527161117
163,"{""rate"":""235964.0""}",20170527161129
164,"{""rate"":""235018.0""}",20170527161142
165,"{""rate"":""235020.0""}",20170527161154
166,"{""rate"":""235148.0""}",20170527161207
167,"{""rate"":""235859.5""}",20170527161220
168,"{""rate"":""236392.0""}",20170527161232
169,"{""rate"":""236151.0""}",20170527161245
170,"{""rate"":""236217.0""}",20170527161258
171,"{""rate"":""236145.5""}",20170527161310
172,"{""rate"":""236030.0""}",20170527161323
173,"{""rate"":""236238.0""}",20170527161335
174,"{""rate"":""236167.0""}",20170527161348
175,"{""rate"":""236161.5""}",20170527161400
176,"{""rate"":""236011.0""}",20170527161413
177,"{""rate"":""235777.5""}",20170527161426
178,"{""rate"":""235523.5""}",20170527161438
179,"{""rate"":""235075.0""}",20170527161451
180,"{""rate"":""235301.0""}",20170527161503
181,"{""rate"":""235018.5""}",20170527161516
182,"{""rate"":""235376.0""}",20170527161529
183,"{""rate"":""235275.5""}",20170527161541
184,"{""rate"":""236174.5""}",20170527161554
185,"{""rate"":""236104.0""}",20170527161606
186,"{""rate"":""235689.0""}",20170527161619
187,"{""rate"":""236128.0""}",20170527161631
188,"{""rate"":""236096.5""}",20170527161644
189,"{""rate"":""236254.5""}",20170527161656
190,"{""rate"":""236273.5""}",20170527161709
191,"{""rate"":""237237.0""}",20170527161722
192,"{""rate"":""240149.5""}",20170527161734
193,"{""rate"":""240103.0""}",20170527161747
194,"{""rate"":""239924.0""}",20170527161759
195,"{""rate"":""241086.5""}",20170527161812
196,"{""rate"":""243163.0""}",20170527161824
197,"{""rate"":""244983.0""}",20170527161837
198,"{""rate"":""244623.5""}",20170527161850
199,"{""rate"":""243362.0""}",20170527161902
200,"{""rate"":""242347.0""}",20170527161915
201,"{""rate"":""242126.5""}",20170527161927
202,"{""rate"":""241390.0""}",20170527161940
203,"{""rate"":""241013.0""}",20170527161952
204,"{""rate"":""239473.5""}",20170527162005
205,"{""rate"":""239477.0""}",20170527162018
206,"{""rate"":""237980.0""}",20170527162030
207,"{""rate"":""238330.5""}",20170527162043
208,"{""rate"":""237816.5""}",20170527162055
209,"{""rate"":""237435.5""}",20170527162108
210,"{""rate"":""237068.0""}",20170527162121
211,"{""rate"":""237192.5""}",20170527162133
212,"{""rate"":""236418.0""}",20170527162146
213,"{""rate"":""236360.0""}",20170527162158
214,"{""rate"":""236597.0""}",20170527162211
215,"{""rate"":""236819.0""}",20170527162223
216,"{""rate"":""236388.0""}",20170527162236
217,"{""rate"":""236798.0""}",20170527162249
218,"{""rate"":""237105.0""}",20170527162301
219,"{""rate"":""236942.0""}",20170527162314
220,"{""rate"":""237064.5""}",20170527162326
221,"{""rate"":""237078.5""}",20170527162339
222,"{""rate"":""237237.0""}",20170527162351
223,"{""rate"":""237253.0""}",20170527162404
224,"{""rate"":""237578.5""}",20170527162416
225,"{""rate"":""237999.5""}",20170527162429
226,"{""rate"":""237997.0""}",20170527162441
227,"{""rate"":""237992.5""}",20170527162454
228,"{""rate"":""238659.5""}",20170527162506
229,"{""rate"":""238628.5""}",20170527162519
230,"{""rate"":""238938.5""}",20170527162532
231,"{""rate"":""239521.5""}",20170527162544
232,"{""rate"":""239184.0""}",20170527162557
233,"{""rate"":""240001.0""}",20170527162609
234,"{""rate"":""239544.0""}",20170527162622
235,"{""rate"":""239541.0""}",20170527162634
236,"{""rate"":""239954.0""}",20170527162647
237,"{""rate"":""239864.5""}",20170527162700
238,"{""rate"":""239542.0""}",20170527162712
239,"{""rate"":""239398.5""}",20170527162725
240,"{""rate"":""239202.5""}",20170527162737
241,"{""rate"":""239120.0""}",20170527162750
242,"{""rate"":""238428.0""}",20170527162802
243,"{""rate"":""236323.0""}",20170527162815
244,"{""rate"":""236194.0""}",20170527162828
245,"{""rate"":""236185.5""}",20170527162840
246,"{""rate"":""236171.0""}",20170527162853
247,"{""rate"":""236021.0""}",20170527162905
248,"{""rate"":""235955.5""}",20170527162918
249,"{""rate"":""236066.5""}",20170527162931
250,"{""rate"":""235506.5""}",20170527162943
251,"{""rate"":""235376.0""}",20170527162956
252,"{""rate"":""235251.0""}",20170527163008
253,"{""rate"":""233358.0""}",20170527163051
254,"{""rate"":""233032.0""}",20170527163103
255,"{""rate"":""231599.0""}",20170527163116
256,"{""rate"":""231707.0""}",20170527163129
257,"{""rate"":""231085.0""}",20170527163141
258,"{""rate"":""230449.5""}",20170527163154
259,"{""rate"":""230328.5""}",20170527163206
260,"{""rate"":""230184.5""}",20170527163219
261,"{""rate"":""230228.0""}",20170527163231
262,"{""rate"":""231115.0""}",20170527163244
263,"{""rate"":""230547.0""}",20170527163257
264,"{""rate"":""231256.0""}",20170527163309
265,"{""rate"":""231901.5""}",20170527163322
266,"{""rate"":""231779.0""}",20170527163335
267,"{""rate"":""233161.0""}",20170527163347
268,"{""rate"":""234591.0""}",20170527163400
269,"{""rate"":""235326.5""}",20170527163412
270,"{""rate"":""236791.5""}",20170527163425
271,"{""rate"":""236882.0""}",20170527163437
272,"{""rate"":""235121.5""}",20170527163450
273,"{""rate"":""235910.5""}",20170527163503
274,"{""rate"":""235214.0""}",20170527163515
275,"{""rate"":""236720.5""}",20170527163528
276,"{""rate"":""236823.0""}",20170527163540
277,"{""rate"":""236429.5""}",20170527163553
278,"{""rate"":""236345.0""}",20170527163605
279,"{""rate"":""236124.5""}",20170527163618
280,"{""rate"":""235837.0""}",20170527163631
281,"{""rate"":""234577.5""}",20170527163643
282,"{""rate"":""234442.5""}",20170527163656
283,"{""rate"":""233799.0""}",20170527163708
284,"{""rate"":""233080.5""}",20170527163721
285,"{""rate"":""233351.5""}",20170527163733
286,"{""rate"":""233035.5""}",20170527163746
287,"{""rate"":""232502.5""}",20170527163759
288,"{""rate"":""231809.5""}",20170527163811
289,"{""rate"":""232075.5""}",20170527163824
290,"{""rate"":""232222.0""}",20170527163836
291,"{""rate"":""232933.5""}",20170527163849
292,"{""rate"":""232802.0""}",20170527163902
293,"{""rate"":""232855.0""}",20170527163914
294,"{""rate"":""232954.5""}",20170527163927
295,"{""rate"":""233950.0""}",20170527163940
296,"{""rate"":""234210.0""}",20170527163952
297,"{""rate"":""234173.5""}",20170527164005
298,"{""rate"":""234098.0""}",20170527164017
299,"{""rate"":""234006.5""}",20170527164030
300,"{""rate"":""234150.5""}",20170527164112
301,"{""rate"":""233977.5""}",20170527164125
302,"{""rate"":""234188.0""}",20170527164138
303,"{""rate"":""234880.0""}",20170527164150
304,"{""rate"":""234690.0""}",20170527164203
305,"{""rate"":""235097.0""}",20170527164216
306,"{""rate"":""234814.5""}",20170527164228
307,"{""rate"":""235367.5""}",20170527164241
308,"{""rate"":""235306.5""}",20170527164254
309,"{""rate"":""235301.5""}",20170527164306
310,"{""rate"":""236265.5""}",20170527164319
311,"{""rate"":""236129.0""}",20170527164331
312,"{""rate"":""236606.5""}",20170527164344
313,"{""rate"":""237199.5""}",20170527164356
314,"{""rate"":""237965.5""}",20170527164409
315,"{""rate"":""239085.5""}",20170527164422
316,"{""rate"":""239716.5""}",20170527164434
317,"{""rate"":""240003.0""}",20170527164447
318,"{""rate"":""239944.0""}",20170527164459
319,"{""rate"":""240175.0""}",20170527164512
320,"{""rate"":""239340.5""}",20170527164524
321,"{""rate"":""239659.5""}",20170527164537
322,"{""rate"":""237635.5""}",20170527164550
323,"{""rate"":""237719.0""}",20170527164602
324,"{""rate"":""237091.5""}",20170527164615
325,"{""rate"":""237052.5""}",20170527164627
326,"{""rate"":""236045.5""}",20170527164640
327,"{""rate"":""236180.5""}",20170527164653
328,"{""rate"":""236143.5""}",20170527164705
329,"{""rate"":""236097.5""}",20170527164718
330,"{""rate"":""236419.0""}",20170527164730
331,"{""rate"":""237479.5""}",20170527164813
332,"{""rate"":""237441.5""}",20170527164826
333,"{""rate"":""237850.5""}",20170527164838
334,"{""rate"":""238223.0""}",20170527164851
335,"{""rate"":""238280.5""}",20170527164903
336,"{""rate"":""237992.5""}",20170527164916
337,"{""rate"":""238034.0""}",20170527164929
338,"{""rate"":""237809.0""}",20170527164941
339,"{""rate"":""237766.5""}",20170527164954
340,"{""rate"":""237923.0""}",20170527165006
341,"{""rate"":""238077.5""}",20170527165049
342,"{""rate"":""238669.5""}",20170527165101
343,"{""rate"":""238798.0""}",20170527165114
344,"{""rate"":""238799.5""}",20170527165127
345,"{""rate"":""238489.5""}",20170527165139
346,"{""rate"":""238647.5""}",20170527165152
347,"{""rate"":""238332.5""}",20170527165204
348,"{""rate"":""238995.5""}",20170527165217
349,"{""rate"":""238301.5""}",20170527165229
350,"{""rate"":""238217.5""}",20170527165242
351,"{""rate"":""237743.0""}",20170527165254
352,"{""rate"":""236462.5""}",20170527165307
353,"{""rate"":""236545.5""}",20170527165319
354,"{""rate"":""236504.0""}",20170527165332
355,"{""rate"":""236534.0""}",20170527165345
356,"{""rate"":""236509.5""}",20170527165357
357,"{""rate"":""236094.0""}",20170527165410
358,"{""rate"":""236051.5""}",20170527165422
359,"{""rate"":""236677.0""}",20170527165435
360,"{""rate"":""237221.0""}",20170527165448
361,"{""rate"":""237004.5""}",20170527165500
362,"{""rate"":""237239.0""}",20170527165513
363,"{""rate"":""237672.0""}",20170527165525
364,"{""rate"":""237306.5""}",20170527165538
365,"{""rate"":""236617.0""}",20170527165550
366,"{""rate"":""236865.0""}",20170527165603
367,"{""rate"":""236968.0""}",20170527165616
368,"{""rate"":""236465.0""}",20170527165628
369,"{""rate"":""236234.5""}",20170527165641
370,"{""rate"":""236381.5""}",20170527165653
371,"{""rate"":""236397.5""}",20170527165706
372,"{""rate"":""236500.5""}",20170527165718
373,"{""rate"":""237050.0""}",20170527165731
374,"{""rate"":""237059.5""}",20170527165743
375,"{""rate"":""237091.0""}",20170527165756
376,"{""rate"":""237089.0""}",20170527165808
377,"{""rate"":""237492.0""}",20170527165821
378,"{""rate"":""237676.5""}",20170527165833
379,"{""rate"":""237147.0""}",20170527165846
380,"{""rate"":""237250.5""}",20170527165859
381,"{""rate"":""237288.0""}",20170527165911
382,"{""rate"":""237324.5""}",20170527165924
383,"{""rate"":""237253.0""}",20170527165936
384,"{""rate"":""237405.0""}",20170527165949
385,"{""rate"":""237083.5""}",20170527170001
386,"{""rate"":""237190.5""}",20170527170014
387,"{""rate"":""237327.5""}",20170527170027
388,"{""rate"":""237200.0""}",20170527170039
389,"{""rate"":""237593.5""}",20170527170052
390,"{""rate"":""237664.5""}",20170527170104
391,"{""rate"":""237669.0""}",20170527170117
392,"{""rate"":""237983.5""}",20170527170130
393,"{""rate"":""237857.0""}",20170527170142
394,"{""rate"":""237691.5""}",20170527170155
395,"{""rate"":""237680.0""}",20170527170207
396,"{""rate"":""237539.0""}",20170527170220
397,"{""rate"":""237436.0""}",20170527170233
398,"{""rate"":""237400.5""}",20170527170245
399,"{""rate"":""237339.0""}",20170527170258
400,"{""rate"":""237330.5""}",20170527170310
401,"{""rate"":""236882.0""}",20170527170323
402,"{""rate"":""236199.0""}",20170527170335
403,"{""rate"":""236026.5""}",20170527170348
404,"{""rate"":""236186.5""}",20170527170401
405,"{""rate"":""236034.5""}",20170527170413
406,"{""rate"":""235928.5""}",20170527170426
407,"{""rate"":""235758.5""}",20170527170438
408,"{""rate"":""235823.5""}",20170527170451
409,"{""rate"":""235956.5""}",20170527170503
410,"{""rate"":""235738.0""}",20170527170516
411,"{""rate"":""235718.5""}",20170527170529
412,"{""rate"":""235886.5""}",20170527170541
413,"{""rate"":""235993.5""}",20170527170554
414,"{""rate"":""235865.0""}",20170527170606
415,"{""rate"":""235997.0""}",20170527170619
416,"{""rate"":""236161.0""}",20170527170632
417,"{""rate"":""236481.5""}",20170527170644
418,"{""rate"":""236798.0""}",20170527170657
419,"{""rate"":""236681.5""}",20170527170709
420,"{""rate"":""236692.0""}",20170527170722
421,"{""rate"":""236859.0""}",20170527170734
422,"{""rate"":""237178.5""}",20170527170747
423,"{""rate"":""236980.5""}",20170527170759
424,"{""rate"":""237152.0""}",20170527170812
425,"{""rate"":""237112.0""}",20170527170825
426,"{""rate"":""237087.5""}",20170527170837
427,"{""rate"":""236890.0""}",20170527170850
428,"{""rate"":""236680.5""}",20170527170903
429,"{""rate"":""236736.0""}",20170527170915
430,"{""rate"":""236727.5""}",20170527170928
431,"{""rate"":""236579.0""}",20170527170940
432,"{""rate"":""236769.0""}",20170527170953
433,"{""rate"":""236595.5""}",20170527171005
434,"{""rate"":""236700.0""}",20170527171018
435,"{""rate"":""236739.0""}",20170527171031
436,"{""rate"":""236946.0""}",20170527171043
437,"{""rate"":""236997.5""}",20170527171056
438,"{""rate"":""236885.5""}",20170527171108
439,"{""rate"":""236998.5""}",20170527171121
440,"{""rate"":""236999.5""}",20170527171133
441,"{""rate"":""236999.5""}",20170527171146
442,"{""rate"":""236999.0""}",20170527171159
443,"{""rate"":""236999.5""}",20170527171211
444,"{""rate"":""237683.5""}",20170527171224
445,"{""rate"":""238431.0""}",20170527171236
446,"{""rate"":""238046.0""}",20170527171249
447,"{""rate"":""238016.5""}",20170527171302
448,"{""rate"":""238299.5""}",20170527171314
449,"{""rate"":""238223.5""}",20170527171326
450,"{""rate"":""238211.5""}",20170527171339
451,"{""rate"":""238234.5""}",20170527171352
452,"{""rate"":""238448.0""}",20170527171404
453,"{""rate"":""238503.0""}",20170527171417
454,"{""rate"":""238668.5""}",20170527171429
455,"{""rate"":""238995.0""}",20170527171442
456,"{""rate"":""239385.0""}",20170527171454
457,"{""rate"":""239643.5""}",20170527171507
458,"{""rate"":""239655.5""}",20170527171520
459,"{""rate"":""239761.5""}",20170527171532
460,"{""rate"":""240279.5""}",20170527171545
461,"{""rate"":""240740.5""}",20170527171557
462,"{""rate"":""241298.5""}",20170527171610
463,"{""rate"":""240540.0""}",20170527171652
464,"{""rate"":""240540.0""}",20170527171705
465,"{""rate"":""240739.0""}",20170527171718
466,"{""rate"":""240850.5""}",20170527171730
467,"{""rate"":""240831.5""}",20170527171743
468,"{""rate"":""240803.5""}",20170527171755
469,"{""rate"":""240981.5""}",20170527171808
470,"{""rate"":""240801.5""}",20170527171820
471,"{""rate"":""239049.0""}",20170527171903
472,"{""rate"":""239073.0""}",20170527171915
473,"{""rate"":""239000.5""}",20170527171928
474,"{""rate"":""238994.5""}",20170527171940
475,"{""rate"":""239001.0""}",20170527171953
476,"{""rate"":""238912.0""}",20170527172005
477,"{""rate"":""238018.0""}",20170527172018
478,"{""rate"":""237997.0""}",20170527172030
479,"{""rate"":""237996.5""}",20170527172043
480,"{""rate"":""237996.5""}",20170527172056
481,"{""rate"":""238081.5""}",20170527172108
482,"{""rate"":""238576.5""}",20170527172121
483,"{""rate"":""238767.0""}",20170527172133
484,"{""rate"":""238627.5""}",20170527172146
485,"{""rate"":""238843.5""}",20170527172158
486,"{""rate"":""239161.0""}",20170527172211
487,"{""rate"":""239039.5""}",20170527172223
488,"{""rate"":""239041.0""}",20170527172236
489,"{""rate"":""238766.5""}",20170527172248
490,"{""rate"":""238172.0""}",20170527172301
491,"{""rate"":""238192.5""}",20170527172313
492,"{""rate"":""237852.0""}",20170527172326
493,"{""rate"":""238008.5""}",20170527172339
494,"{""rate"":""238003.5""}",20170527172351
495,"{""rate"":""238000.5""}",20170527172404
496,"{""rate"":""238043.0""}",20170527172416
497,"{""rate"":""238005.0""}",20170527172429
498,"{""rate"":""238004.0""}",20170527172441
499,"{""rate"":""238087.0""}",20170527172454
500,"{""rate"":""238009.0""}",20170527172506
501,"{""rate"":""238018.5""}",20170527172519
502,"{""rate"":""238000.5""}",20170527172531
503,"{""rate"":""238000.5""}",20170527172544
504,"{""rate"":""238175.5""}",20170527172557
505,"{""rate"":""238000.5""}",20170527172609
506,"{""rate"":""238000.5""}",20170527172622
507,"{""rate"":""238000.5""}",20170527172634
508,"{""rate"":""237629.5""}",20170527172647
509,"{""rate"":""237430.5""}",20170527172659
510,"{""rate"":""237155.5""}",20170527172712
511,"{""rate"":""237056.0""}",20170527172724
512,"{""rate"":""237012.5""}",20170527172737
513,"{""rate"":""237266.5""}",20170527172749
514,"{""rate"":""237608.5""}",20170527172802
515,"{""rate"":""237999.5""}",20170527172815
516,"{""rate"":""238003.5""}",20170527172827
517,"{""rate"":""238303.0""}",20170527172840
518,"{""rate"":""239136.5""}",20170527172852
519,"{""rate"":""238927.5""}",20170527172905
520,"{""rate"":""237721.5""}",20170527172918
521,"{""rate"":""237800.0""}",20170527172930
522,"{""rate"":""237899.5""}",20170527172943
523,"{""rate"":""237806.5""}",20170527172955
524,"{""rate"":""237749.5""}",20170527173008
525,"{""rate"":""237830.5""}",20170527173020
526,"{""rate"":""237749.0""}",20170527173033
527,"{""rate"":""237704.5""}",20170527173045
528,"{""rate"":""237689.5""}",20170527173058
529,"{""rate"":""237829.0""}",20170527173110
530,"{""rate"":""237904.5""}",20170527173123
531,"{""rate"":""237762.0""}",20170527173135
532,"{""rate"":""237054.0""}",20170527173148
533,"{""rate"":""236980.0""}",20170527173200
534,"{""rate"":""237049.5""}",20170527173213
535,"{""rate"":""236904.0""}",20170527173225
536,"{""rate"":""237016.0""}",20170527173238
537,"{""rate"":""237093.0""}",20170527173250
538,"{""rate"":""237009.0""}",20170527173303
539,"{""rate"":""236396.0""}",20170527173316
540,"{""rate"":""236126.5""}",20170527173328
541,"{""rate"":""235478.0""}",20170527173341
542,"{""rate"":""235554.0""}",20170527173353
543,"{""rate"":""235589.5""}",20170527173406
544,"{""rate"":""236217.5""}",20170527173418
545,"{""rate"":""235750.0""}",20170527173431
546,"{""rate"":""235565.5""}",20170527173443
547,"{""rate"":""234607.0""}",20170527173456
548,"{""rate"":""234544.5""}",20170527173508
549,"{""rate"":""234055.5""}",20170527173521
550,"{""rate"":""233318.5""}",20170527173534
551,"{""rate"":""233065.0""}",20170527173546
552,"{""rate"":""233043.5""}",20170527173559
553,"{""rate"":""232432.0""}",20170527173611
554,"{""rate"":""232499.5""}",20170527173624
555,"{""rate"":""233287.5""}",20170527173636
556,"{""rate"":""233208.0""}",20170527173649
557,"{""rate"":""233306.5""}",20170527173701
558,"{""rate"":""235078.0""}",20170527173714
559,"{""rate"":""235815.5""}",20170527173756
560,"{""rate"":""236651.0""}",20170527173809
561,"{""rate"":""237019.0""}",20170527173821
562,"{""rate"":""237835.0""}",20170527173834
563,"{""rate"":""238656.5""}",20170527173846
564,"{""rate"":""238455.0""}",20170527173859
565,"{""rate"":""238228.5""}",20170527173911
566,"{""rate"":""238788.0""}",20170527173924
567,"{""rate"":""238263.0""}",20170527173937
568,"{""rate"":""238172.5""}",20170527173949
569,"{""rate"":""238249.0""}",20170527174002
570,"{""rate"":""237961.5""}",20170527174014
571,"{""rate"":""236702.5""}",20170527174027
572,"{""rate"":""235897.5""}",20170527174040
573,"{""rate"":""235622.0""}",20170527174052
574,"{""rate"":""235478.5""}",20170527174105
575,"{""rate"":""235700.0""}",20170527174117
576,"{""rate"":""235736.5""}",20170527174130
577,"{""rate"":""236734.0""}",20170527174142
578,"{""rate"":""236595.0""}",20170527174155
579,"{""rate"":""236923.5""}",20170527174207
580,"{""rate"":""236835.5""}",20170527174220
581,"{""rate"":""238267.5""}",20170527174233
582,"{""rate"":""238802.5""}",20170527174245
583,"{""rate"":""238138.5""}",20170527174258
584,"{""rate"":""237472.5""}",20170527174310
585,"{""rate"":""237289.5""}",20170527174323
586,"{""rate"":""237150.0""}",20170527174335
587,"{""rate"":""238342.5""}",20170527174348
588,"{""rate"":""237327.0""}",20170527174400
589,"{""rate"":""236996.5""}",20170527174413
590,"{""rate"":""237233.5""}",20170527174426
591,"{""rate"":""237399.0""}",20170527174438
592,"{""rate"":""237273.5""}",20170527174451
593,"{""rate"":""237682.0""}",20170527174503
594,"{""rate"":""237856.0""}",20170527174516
595,"{""rate"":""238169.5""}",20170527174528
596,"{""rate"":""238533.0""}",20170527174541
597,"{""rate"":""238174.0""}",20170527174554
598,"{""rate"":""236764.0""}",20170527174606
599,"{""rate"":""236736.0""}",20170527174619
600,"{""rate"":""236991.0""}",20170527174631
601,"{""rate"":""236994.0""}",20170527174644
602,"{""rate"":""236851.0""}",20170527174657
603,"{""rate"":""237671.0""}",20170527174709
604,"{""rate"":""236861.5""}",20170527174751
605,"{""rate"":""237200.0""}",20170527174804
606,"{""rate"":""237209.0""}",20170527174816
607,"{""rate"":""237217.0""}",20170527174829
608,"{""rate"":""237202.0""}",20170527174841
609,"{""rate"":""237226.5""}",20170527174854
610,"{""rate"":""237266.5""}",20170527174907
611,"{""rate"":""237026.5""}",20170527174919
612,"{""rate"":""236549.5""}",20170527174932
613,"{""rate"":""237804.0""}",20170527174944
614,"{""rate"":""236814.5""}",20170527174957
615,"{""rate"":""237036.0""}",20170527175010
616,"{""rate"":""237121.0""}",20170527175022
617,"{""rate"":""237654.0""}",20170527175035
618,"{""rate"":""237233.0""}",20170527175047
619,"{""rate"":""237370.5""}",20170527175100
620,"{""rate"":""237515.0""}",20170527175113
621,"{""rate"":""237127.0""}",20170527175125
622,"{""rate"":""236673.5""}",20170527175138
623,"{""rate"":""236603.5""}",20170527175150
624,"{""rate"":""237124.5""}",20170527175203
625,"{""rate"":""237002.0""}",20170527175215
626,"{""rate"":""237119.0""}",20170527175228
627,"{""rate"":""236962.5""}",20170527175240
628,"{""rate"":""236879.0""}",20170527175253
629,"{""rate"":""236805.5""}",20170527175305
630,"{""rate"":""236976.0""}",20170527175318
631,"{""rate"":""236874.0""}",20170527175330
632,"{""rate"":""236813.5""}",20170527175343
633,"{""rate"":""236807.5""}",20170527175355
634,"{""rate"":""236804.5""}",20170527175408
635,"{""rate"":""236800.5""}",20170527175420
636,"{""rate"":""236790.0""}",20170527175433
637,"{""rate"":""236707.5""}",20170527175445
638,"{""rate"":""236704.0""}",20170527175458
639,"{""rate"":""236582.5""}",20170527175511
640,"{""rate"":""236537.0""}",20170527175523
641,"{""rate"":""236505.5""}",20170527175536
642,"{""rate"":""236195.5""}",20170527175548
643,"{""rate"":""236459.0""}",20170527175601
644,"{""rate"":""235831.5""}",20170527175613
645,"{""rate"":""234958.5""}",20170527175626
646,"{""rate"":""234946.5""}",20170527175638
647,"{""rate"":""234403.0""}",20170527175651
648,"{""rate"":""235833.0""}",20170527175703
649,"{""rate"":""236198.5""}",20170527175716
650,"{""rate"":""236357.0""}",20170527175728
651,"{""rate"":""236320.0""}",20170527175741
652,"{""rate"":""236170.0""}",20170527175753
653,"{""rate"":""235943.5""}",20170527175806
654,"{""rate"":""235125.5""}",20170527175818
655,"{""rate"":""235699.0""}",20170527175831
656,"{""rate"":""235889.5""}",20170527175844
657,"{""rate"":""235562.5""}",20170527175856
658,"{""rate"":""234929.0""}",20170527175909
659,"{""rate"":""234707.0""}",20170527175921
660,"{""rate"":""234708.5""}",20170527175934
661,"{""rate"":""234696.0""}",20170527175946
662,"{""rate"":""234791.0""}",20170527175959
663,"{""rate"":""235108.5""}",20170527180012
664,"{""rate"":""235056.0""}",20170527180024
665,"{""rate"":""234837.5""}",20170527180037
666,"{""rate"":""234972.0""}",20170527180049
667,"{""rate"":""234706.5""}",20170527180102
668,"{""rate"":""234622.0""}",20170527180114
669,"{""rate"":""234727.5""}",20170527180127
670,"{""rate"":""233973.5""}",20170527180139
671,"{""rate"":""233976.0""}",20170527180152
672,"{""rate"":""233920.5""}",20170527180205
673,"{""rate"":""233959.0""}",20170527180217
674,"{""rate"":""234080.5""}",20170527180230
675,"{""rate"":""233715.0""}",20170527180242
676,"{""rate"":""233206.0""}",20170527180255
677,"{""rate"":""233462.0""}",20170527180307
678,"{""rate"":""233462.5""}",20170527180320
679,"{""rate"":""233486.5""}",20170527180333
680,"{""rate"":""233441.5""}",20170527180345
681,"{""rate"":""233495.0""}",20170527180358
682,"{""rate"":""232889.0""}",20170527180410
683,"{""rate"":""232533.0""}",20170527180423
684,"{""rate"":""232854.5""}",20170527180436
685,"{""rate"":""232178.5""}",20170527180448
686,"{""rate"":""232220.5""}",20170527180501
687,"{""rate"":""232293.5""}",20170527180513
688,"{""rate"":""232291.0""}",20170527180526
689,"{""rate"":""232770.5""}",20170527180538
690,"{""rate"":""233282.0""}",20170527180551
691,"{""rate"":""232452.0""}",20170527180604
692,"{""rate"":""232001.5""}",20170527180616
693,"{""rate"":""232151.0""}",20170527180629
694,"{""rate"":""232393.5""}",20170527180641
695,"{""rate"":""232285.0""}",20170527180654
696,"{""rate"":""232303.0""}",20170527180706
697,"{""rate"":""232116.5""}",20170527180719
698,"{""rate"":""232114.5""}",20170527180731
699,"{""rate"":""232075.5""}",20170527180744
700,"{""rate"":""232426.0""}",20170527180757
701,"{""rate"":""232833.5""}",20170527180809
702,"{""rate"":""233295.5""}",20170527180822
703,"{""rate"":""232686.5""}",20170527180834
704,"{""rate"":""232203.5""}",20170527180847
705,"{""rate"":""232280.5""}",20170527180859
706,"{""rate"":""232206.0""}",20170527180912
707,"{""rate"":""231990.5""}",20170527180954
708,"{""rate"":""231658.5""}",20170527181007
709,"{""rate"":""232886.0""}",20170527181019
710,"{""rate"":""232783.5""}",20170527181032
711,"{""rate"":""231792.5""}",20170527181044
712,"{""rate"":""231761.5""}",20170527181057
713,"{""rate"":""231729.0""}",20170527181109
714,"{""rate"":""231611.5""}",20170527181122
715,"{""rate"":""231502.5""}",20170527181134
716,"{""rate"":""231502.5""}",20170527181147
717,"{""rate"":""231524.5""}",20170527181159
718,"{""rate"":""231500.5""}",20170527181212
719,"{""rate"":""231760.0""}",20170527181224
720,"{""rate"":""231545.0""}",20170527181237
721,"{""rate"":""231506.5""}",20170527181249
722,"{""rate"":""231668.0""}",20170527181302
723,"{""rate"":""231810.0""}",20170527181315
724,"{""rate"":""231629.5""}",20170527181327
725,"{""rate"":""231518.5""}",20170527181340
726,"{""rate"":""231281.0""}",20170527181352
727,"{""rate"":""231086.5""}",20170527181405
728,"{""rate"":""230709.0""}",20170527181418
729,"{""rate"":""230836.0""}",20170527181430
730,"{""rate"":""230236.0""}",20170527181443
731,"{""rate"":""229716.0""}",20170527181455
732,"{""rate"":""229668.5""}",20170527181508
733,"{""rate"":""228794.5""}",20170527181520
734,"{""rate"":""226877.5""}",20170527181533
735,"{""rate"":""227156.5""}",20170527181546
736,"{""rate"":""227279.5""}",20170527181558
737,"{""rate"":""228073.0""}",20170527181611
738,"{""rate"":""227563.5""}",20170527181623
739,"{""rate"":""227970.5""}",20170527181706
740,"{""rate"":""228272.0""}",20170527181718
741,"{""rate"":""228005.0""}",20170527181731
742,"{""rate"":""228096.0""}",20170527181743
743,"{""rate"":""228019.5""}",20170527181756
744,"{""rate"":""228123.0""}",20170527181808
745,"{""rate"":""228467.5""}",20170527181821
746,"{""rate"":""229707.0""}",20170527181833
747,"{""rate"":""230123.5""}",20170527181846
748,"{""rate"":""231202.5""}",20170527181859
749,"{""rate"":""230440.5""}",20170527181911
750,"{""rate"":""230026.0""}",20170527181924
751,"{""rate"":""230272.0""}",20170527181936
752,"{""rate"":""230012.0""}",20170527181949
753,"{""rate"":""230090.0""}",20170527182001
754,"{""rate"":""229855.0""}",20170527182014
755,"{""rate"":""228875.5""}",20170527182026
756,"{""rate"":""228779.0""}",20170527182039
757,"{""rate"":""227588.0""}",20170527182052
758,"{""rate"":""227172.5""}",20170527182104
759,"{""rate"":""227442.5""}",20170527182117
760,"{""rate"":""227386.5""}",20170527182129
761,"{""rate"":""227098.0""}",20170527182142
762,"{""rate"":""227604.5""}",20170527182154
763,"{""rate"":""227561.5""}",20170527182207
764,"{""rate"":""227247.0""}",20170527182220
765,"{""rate"":""227397.0""}",20170527182232
766,"{""rate"":""227501.0""}",20170527182245
767,"{""rate"":""227395.5""}",20170527182257
768,"{""rate"":""227457.5""}",20170527182310
769,"{""rate"":""227502.0""}",20170527182322
770,"{""rate"":""227352.5""}",20170527182335
771,"{""rate"":""227474.5""}",20170527182347
772,"{""rate"":""227177.5""}",20170527182400
773,"{""rate"":""227197.5""}",20170527182413
774,"{""rate"":""226596.5""}",20170527182425
775,"{""rate"":""226759.5""}",20170527182438
776,"{""rate"":""226250.5""}",20170527182450
777,"{""rate"":""225702.0""}",20170527182503
